name,email,bandName,genre,clientSince,albumName.Year
2drop,n/a,,n/a,n/a,n/a
500bills,n/a,indigo mob,n/a,n/a,n/a
a millz,n/a,,n/a,n/a,n/a
ab,n/a,fettyville,Hip Hop,n/a,n/a
ace$o,n/a,,n/a,n/a,n/a
adolf brew,n/a,,n/a,n/a,n/a
aliyah,n/a,,n/a,n/a,n/a
ann monyay,n/a,fettyville,Hip Hop,n/a,n/a
ap,n/a,,n/a,n/a,n/a
asason da don,n/a,bangoutboys,n/a,n/a,n/a
asmar,n/a,,Hip Hop,n/a,n/a
au,n/a,,n/a,n/a,n/a
b100,n/a,,n/a,n/a,n/a
baby phil,n/a,,n/a,n/a,n/a
ben gotti,n/a,,n/a,n/a,n/a
billy woe,n/a,,n/a,n/a,n/a
bishop,n/a,,n/a,n/a,n/a
blaze,n/a,,n/a,n/a,n/a
blizzy,n/a,,n/a,n/a,n/a
boss 6,n/a,murdertown,Hip Hop,n/a,n/a
brim,n/a,thwagworld,n/a,n/a,n/a
bv,n/a,,Hip Hop,n/a,n/a
c ball,n/a,fettyville,Hip Hop,n/a,n/a
camille johnson,n/a,,n/a,n/a,n/a
carter ru,n/a,,n/a,n/a,n/a
chico,n/a,fettyville,Hip Hop,n/a,n/a
chiron,n/a,baladon,Hip Hop,n/a,n/a
chuck stacks,n/a,,n/a,n/a,n/a
chynna,n/a,,n/a,n/a,n/a
cool c,n/a,,n/a,n/a,n/a
count,n/a,,n/a,n/a,n/a
custo,n/a,fettyville,Hip Hop,n/a,n/a
daniel black,n/a,baladon,Hip Hop,2003,n/a
danja,n/a,,n/a,n/a,n/a
dbk,n/a,,n/a,n/a,n/a
de-low,n/a,,n/a,n/a,n/a
deann,n/a,,n/a,n/a,n/a
deem,n/a,,n/a,n/a,n/a
dh,n/a,,n/a,n/a,n/a
dice game,n/a,villains gang,Hip Hop,n/a,n/a
disorderly conduct,n/a,,n/a,n/a,n/a
dizzles dom,n/a,,n/a,n/a,n/a
dizzy lymon,n/a,,n/a,n/a,n/a
dizzygetbusy (from newark),n/a,,n/a,n/a,n/a
dizzymarino (from new castle),n/a,villains gang,n/a,2010,n/a
dj bliz,n/a,baladon,Hip Hop,n/a,n/a
dj harv,n/a,baladon,n/a,2008,n/a
dj promogod,n/a,thwagworld,n/a,n/a,n/a
don haze,n/a,,n/a,n/a,n/a
don kattes,n/a,baladon,Hip Hop,n/a,n/a
don soldier,n/a,,n/a,n/a,n/a
dooby keyz,n/a,villains gang,n/a,n/a,n/a
drew,n/a,,n/a,n/a,n/a
drewski,n/a,,n/a,n/a,n/a
duff1hunnit,n/a,villains gang,n/a,n/a,n/a
dwight,n/a,bangoutboys,n/a,n/a,n/a
ec,n/a,,n/a,n/a,n/a
ej stevens,n/a,indigo mob,n/a,n/a,n/a
emce king,n/a,,n/a,n/a,n/a
ezy payne,n/a,,n/a,n/a,n/a
face,n/a,triple r,n/a,n/a,n/a
fish,n/a,,n/a,n/a,n/a
fish scale,n/a,,n/a,n/a,n/a
ford,n/a,indigo mob,n/a,n/a,n/a
freericopapi,n/a,thwagworld,n/a,n/a,n/a
friday october,n/a,,n/a,n/a,n/a
fugi,n/a,,n/a,n/a,n/a
gate,n/a,fettyville,Hip Hop,2013,n/a
geez,n/a,baladon,Hip Hop,n/a,n/a
geniune curtisy,n/a,,n/a,n/a,n/a
geno,n/a,,n/a,n/a,n/a
gerb,n/a,,n/a,n/a,n/a
gk,n/a,,n/a,n/a,n/a
gram,n/a,,n/a,2013,n/a
gucci fresh,n/a,,n/a,2013,n/a
hasslaflare,n/a,,n/a,n/a,n/a
heav,n/a,fettyville,Hip Hop,n/a,n/a
heimhunnit,n/a,thwagworld,n/a,n/a,n/a
hella,n/a,villains gang,n/a,n/a,n/a
hurk,n/a,fettyville,Hip Hop,2011,n/a
irak,n/a,,n/a,n/a,n/a
j mack,n/a,villains gang,n/a,n/a,n/a
jason spencer,n/a,,n/a,n/a,n/a
jayvee,n/a,,n/a,n/a,n/a
jc,n/a,,n/a,n/a,n/a
jenesis,n/a,,n/a,n/a,n/a
jersey god soul,n/a,thwagworld,Hip Hop,n/a,n/a
jerv,n/a,,n/a,n/a,n/a
jfriz,n/a,baladon,Hip Hop,2003,n/a
jizzle,n/a,,n/a,n/a,n/a
jk,n/a,jsquad,n/a,n/a,n/a
joe joe,n/a,,n/a,n/a,n/a
joey moon,n/a,,n/a,n/a,n/a
jordan x2,n/a,,n/a,n/a,n/a
josh,n/a,fettyville,Hip Hop,n/a,n/a
josheey,n/a,,n/a,n/a,n/a
juicyjakedasavage,n/a,,n/a,n/a,n/a
kai,n/a,,n/a,n/a,n/a
kam,n/a,,n/a,n/a,n/a
kavoucci,n/a,,n/a,n/a,n/a
kilo,n/a,,n/a,n/a,n/a
kim,n/a,,n/a,n/a,n/a
kris,n/a,,n/a,n/a,n/a
kryme life,n/a,,n/a,n/a,n/a
ktl,n/a,,n/a,n/a,n/a
kyrone,n/a,,n/a,n/a,n/a
labrie,n/a,,n/a,n/a,n/a
laflare,n/a,,n/a,n/a,n/a
latto yehz,n/a,,n/a,n/a,n/a
leena,n/a,,n/a,n/a,n/a
lex,n/a,,n/a,n/a,n/a
lil kutt,n/a,thwagworld,n/a,n/a,n/a
lonnie gutta,n/a,,n/a,n/a,n/a
lorenzo,n/a,tfe,n/a,n/a,n/a
lou maurice,n/a,,n/a,n/a,n/a
marcus blaze,n/a,,n/a,n/a,n/a
mark bell,n/a,,n/a,n/a,n/a
mark irving,n/a,,n/a,n/a,n/a
markitek,n/a,,n/a,n/a,n/a
mb,n/a,,n/a,n/a,n/a
mdj,n/a,fettyville,Hip Hop,n/a,n/a
melek tifre fleurisme,n/a,,n/a,n/a,n/a
menace corleone,n/a,,n/a,n/a,n/a
mike blaze,n/a,,n/a,n/a,n/a
mizzy,n/a,fettyville,Hip Hop,n/a,n/a
montega dunn,n/a,bangoutboys,n/a,n/a,n/a
mooch,n/a,,n/a,n/a,n/a
mozeratti mal,n/a,villains gang,n/a,n/a,n/a
mr bey,n/a,,n/a,n/a,n/a
muk mean,n/a,thwagworld,n/a,n/a,n/a
mulah marciano,n/a,,n/a,n/a,n/a
murder,n/a,fettyville,Hip Hop,n/a,n/a
murk,n/a,,n/a,n/a,n/a
n/a,n/a,acg,n/a,n/a,n/a
n/a,n/a,cade,Hip Hop,n/a,n/a
n/a,n/a,districk otl,n/a,n/a,n/a
n/a,n/a,downtown music,n/a,n/a,n/a
n/a,n/a,drop gang,n/a,n/a,n/a
n/a,n/a,entorage,n/a,n/a,n/a
n/a,n/a,rocfamilia,n/a,n/a,n/a
n/a,n/a,triple r,Hip Hop,n/a,n/a
n/a,n/a,ttg,Hip Hop,n/a,n/a
nicki barksdale,n/a,,n/a,n/a,n/a
no loses,n/a,,n/a,n/a,n/a
nono,n/a,fettyville,Hip Hop,n/a,n/a
ock,n/a,,n/a,n/a,n/a
og ganja,n/a,,n/a,n/a,n/a
papi juice,n/a,,n/a,n/a,n/a
paul hamilton,paulhhamilton@gmail.com,,n/a,n/a,n/a
pc beats,n/a,,n/a,n/a,n/a
pc blaze,n/a,,n/a,n/a,n/a
phillup danks,n/a,,n/a,n/a,n/a
polly odotte,n/a,,n/a,n/a,n/a
prince cash,n/a,,n/a,n/a,n/a
quadie,n/a,thwagworld,Hip Hop,n/a,n/a
rell bucks,n/a,,n/a,n/a,n/a
remo,n/a,,n/a,n/a,n/a
renig,n/a,,n/a,n/a,n/a
rhash,n/a,jsquad,n/a,n/a,n/a
rhash,n/a,,n/a,n/a,n/a
rob racks,n/a,,n/a,n/a,n/a
roc,n/a,,n/a,n/a,n/a
rocky la' ren,n/a,,n/a,n/a,n/a
rone,n/a,,n/a,n/a,n/a
rosa,n/a,thwagworld,Hip Hop,n/a,n/a
royal t,n/a,,n/a,n/a,n/a
savage,n/a,,n/a,n/a,n/a
shady duckets,n/a,,n/a,n/a,n/a
shane wolfe,n/a,,n/a,n/a,n/a
shea gutta,n/a,fettyville,Hip Hop,n/a,n/a
shea gutta,n/a,,n/a,n/a,n/a
sije monsterr,n/a,,n/a,n/a,n/a
sin kattes,n/a,baladon,Hip Hop,n/a,n/a
skeen,n/a,,n/a,n/a,n/a
skeet,n/a,,n/a,n/a,n/a
skeezo,n/a,fettyville,Hip Hop,n/a,n/a
skii,n/a,,n/a,n/a,n/a
sky clark,n/a,,n/a,n/a,n/a
smoove,n/a,,n/a,n/a,n/a
spanks,n/a,,n/a,n/a,n/a
streak desperado,n/a,,n/a,n/a,n/a
streak savage,n/a,,n/a,n/a,n/a
suki hanna,n/a,,n/a,n/a,n/a
swish maddi,n/a,lay low ent,n/a,n/a,n/a
t god,n/a,,n/a,n/a,n/a
taevon,n/a,,n/a,n/a,n/a
taj,n/a,,n/a,n/a,n/a
tango,n/a,indigo mob,n/a,n/a,n/a
teejythe profit,n/a,,n/a,n/a,n/a
tenf letta & 95 g'z,n/a,,n/a,n/a,n/a
thwag,n/a,thwagworld,Hip Hop,n/a,n/a
tonelow,tonelow302bookings@gmail.com,,n/a,n/a,n/a
tre,n/a,,n/a,n/a,n/a
trigg,n/a,,n/a,n/a,n/a
troy,n/a,,n/a,n/a,n/a
truly yours,n/a,,n/a,n/a,n/a
tuk,n/a,thwagworld,Hip Hop,n/a,n/a
turf,n/a,,n/a,n/a,n/a
ty,n/a,thwagworld,Hip Hop,n/a,n/a
va,n/a,,n/a,n/a,n/a
yala,n/a,thwagworld,Hip Hop,2013,n/a
yeung trott,n/a,villains gang,Hip Hop,n/a,n/a
yl,n/a,,n/a,n/a,n/a
yola,n/a,,n/a,n/a,n/a
young hunch,n/a,,n/a,n/a,n/a
young swiper,n/a,,n/a,n/a,n/a
zeke,n/a,,n/a,n/a,n/a
zels,n/a,,n/a,n/a,n/a
zoe dinero,n/a,,n/a,n/a,n/a
zybul & torey raw,n/a,,n/a,n/a,n/a